File Path,Function Name,Line Number,Panic Condition,Safety Impact,Tracking ID,Resolution Status,Handling Strategy,Last Updated
wrt/src/execution.rs,f32_nearest,389,This function will panic if the provided value is not an F32 value.,HIGH - Runtime safety is compromised if unexpected values are processed,WRTQ-001,Todo,Add validation check before calling,2023-10-25
wrt/src/execution.rs,f64_nearest,425,This function will panic if the provided value is not an F64 value.,HIGH - Runtime safety is compromised if unexpected values are processed,WRTQ-002,Todo,Add validation check before calling,2023-10-25
wrt-sync/src/mutex.rs,new,53,This function does not panic.,LOW - No safety impact,WRTQ-003,Completed,No action needed,2023-10-25
wrt-types/src/safe_memory.rs,new,50,This function will panic if the initial integrity verification fails. This can happen if memory corruption is detected during initialization.,MEDIUM - Initialization failure is a controlled panic,WRTQ-004,Todo,Add recovery mechanism,2023-10-25
wrt-types/src/bounded.rs,push,196,This function does not panic.,LOW - No safety impact,WRTQ-005,Completed,Return Result instead of panic,2023-10-25
wrt-decoder/src/module.rs,encode,214,This function will panic if it attempts to access the last element of an empty custom_sections vector.,HIGH - Data corruption can lead to undefined behavior,WRTQ-006,Todo,Add bounds checking,2023-10-25
wrt-runtime/src/memory.rs,buffer,229,In `no_std` environments, this method will panic if the read lock for the metrics cannot be acquired.,MEDIUM - Deadlock in memory access can cause system failure,WRTQ-007,In Progress,Implement timeout mechanism,2023-10-25
wrt-runtime/src/memory.rs,peak_memory,251,In `no_std` environments, this method will panic if the read lock for the metrics cannot be acquired.,MEDIUM - Deadlock in memory access can cause system failure,WRTQ-008,In Progress,Implement timeout mechanism,2023-10-25
wrt-runtime/src/memory.rs,access_count,273,In `no_std` environments, this method will panic if the write lock for the metrics cannot be acquired.,MEDIUM - Deadlock in memory access can cause system failure,WRTQ-009,In Progress,Implement timeout mechanism,2023-10-25
wrt-runtime/src/memory.rs,increment_access_count,294,In `no_std` environments, this method will panic if the write lock for the metrics cannot be acquired.,MEDIUM - Deadlock in memory access can cause system failure,WRTQ-010,In Progress,Implement timeout mechanism,2023-10-25 